"t","y"
0,-6.57329124395937
0.101010101010101,3.67457240930711
0.202020202020202,5.68375883766683
0.303030303030303,-1.13744554450428
0.404040404040404,1.90300213239254
0.505050505050505,-0.0183266270397402
0.606060606060606,3.68652563837061
0.707070707070707,1.38661606940145
0.808080808080808,0.511255571184791
0.909090909090909,-4.4944004403081
1.01010101010101,2.71294884290528
1.11111111111111,-0.868292568789541
1.21212121212121,-3.49488704800061
1.31313131313131,-0.483175506696652
1.41414141414141,-0.284629543432561
1.51515151515152,2.6962340296847
1.61616161616162,-2.84768599203264
1.71717171717172,-1.29178112959312
1.81818181818182,3.86584790168359
1.91919191919192,3.60041324492808
2.02020202020202,3.18874779373004
2.12121212121212,4.53443850519364
2.22222222222222,1.01802538130992
2.32323232323232,-0.787574877620224
2.42424242424242,2.25036054379932
2.52525252525253,3.74386836916429
2.62626262626263,7.40766269227278
2.72727272727273,-3.21985956699406
2.82828282828283,2.7358073959922
2.92929292929293,4.08707415710106
3.03030303030303,2.74163271427545
3.13131313131313,-0.567076372437917
3.23232323232323,5.63989312354373
3.33333333333333,2.2921753139865
3.43434343434343,5.93757763906391
3.53535353535354,7.33761008990074
3.63636363636364,8.62099947805818
3.73737373737374,1.79058800471944
3.83838383838384,8.5831589047161
3.93939393939394,4.09035365706877
4.04040404040404,2.7698039127071
4.14141414141414,9.192789703892
4.24242424242424,8.59639634993813
4.34343434343434,4.86537263548732
4.44444444444444,7.04083311420754
4.54545454545454,2.6047789015648
4.64646464646465,3.95109900655002
4.74747474747475,3.64346345289437
4.84848484848485,2.71704302396284
4.94949494949495,4.80188930363784
5.05050505050505,6.37682086688659
5.15151515151515,0.989954803145783
5.25252525252525,1.67977197824009
5.35353535353535,5.52588828374049
5.45454545454545,0.326366243771635
5.55555555555556,-5.60405615654471
5.65656565656566,1.98813099799646
5.75757575757576,-1.67907404172778
5.85858585858586,-2.09259009606507
5.95959595959596,3.85076063434755
6.06060606060606,6.33750640464523
6.16161616161616,-2.44358076770654
6.26262626262626,2.687501646702
6.36363636363636,-0.159056441552909
6.46464646464646,0.406653075850866
6.56565656565657,3.09064483378297
6.66666666666667,0.557381816939502
6.76767676767677,-2.11330707300446
6.86868686868687,-1.16633965086805
6.96969696969697,1.72144609802072
7.07070707070707,-5.83607623136577
7.17171717171717,2.74042802577258
7.27272727272727,-3.91648184798693
7.37373737373737,0.0556523419518545
7.47474747474747,-0.47541707280826
7.57575757575758,3.2329491012748
7.67676767676768,0.472278663600786
7.77777777777778,0.254934115610581
7.87878787878788,1.74538667371921
7.97979797979798,-2.06751102944444
8.08080808080808,-0.489733715174512
8.18181818181818,2.9439680287104
8.28282828282828,1.7086876386729
8.38383838383838,-3.18873995715238
8.48484848484848,1.5948918173335
8.58585858585859,-3.44397362217506
8.68686868686869,-1.49577679795009
8.78787878787879,3.02730105970748
8.88888888888889,-5.62761289198735
8.98989898989899,-4.44753545581878
9.09090909090909,3.25343169171735
9.19191919191919,-2.03698195584445
9.29292929292929,3.10926754832157
9.3939393939394,-0.420625501083818
9.4949494949495,1.06943919624881
9.5959595959596,2.03319722421542
9.6969696969697,-1.62802967334173
9.7979797979798,-0.761477307842947
9.8989898989899,-1.03774292410473
10,7.04021069005961
